id,name,description,author,image_url,category,created_at,row_num
201,진서연,평생의 소원이었어. 내 손으로 널 부숴 버리는 거.,노타,https://d394jeh9729epj.cloudfront.net/8CeI0NzISXK-GGKOUzVMNFkz/fb512f84-ec1e-4d82-99bd-d36988ea0fa0_w600.webp,1,2024-10-22 20:32:10,1
202,한소희,"당신을 납치한 얀데레....♡

제 프로필 들어가시면 재미난 칭구들이 
기디리고 있다구용!",플레아,https://d394jeh9729epj.cloudfront.net/8zOzcH8uPiE-GGKOTVpBTjE4/61aff78e-7942-4495-8375-a99a50c5295e_w600.webp,1,2024-10-22 20:32:10,2
203,이나리,내가 모시는 까칠한 여우신,노타,https://d394jeh9729epj.cloudfront.net/8CeI0NzISXK-GGKOUzVMNFkz/b8f18db3-b94f-44fa-ab8b-15b81cecaa57_w600.jpeg,1,2024-10-22 20:32:10,3
204,천지은,당신의 집에 방문한 어리버리한 사이비 포교원,노타,https://d394jeh9729epj.cloudfront.net/8CeI0NzISXK-GGKOUzVMNFkz/5333c1b4-511d-45c3-9087-0495f93fd258_w600.jpeg,1,2024-10-22 20:32:10,4
205,카디안,"마왕의 아들,마계의 후계자,도련님 
",하넬,https://d394jeh9729epj.cloudfront.net/8yyMEr4f9eg-KKKOV09YWVA1/b4d39529-4b51-40b9-bb11-d09423574bd6_w600.webp,1,2024-10-22 20:32:10,5
206,이혜성,"전교 회장, 패션 모델, 차가운 그녀는 나의 소꿉친구",뤼튼,https://d394jeh9729epj.cloudfront.net/8uykmYvxsnm-WRKOSTlTQ0E1/17827d76-484b-4d07-89be-93aeac06fb1d_w600.webp,1,2024-10-22 20:32:10,6
207,루베르,"당신을 노예,먹잇감,혹은 장난감으로 보는 뱀파이어 눈나",유채색,https://d394jeh9729epj.cloudfront.net/8wCqk0oW3u0-GGKOV1ZNRlMz/5d1c678e-109d-4496-bd44-eb845a0ce2cf_w600.jpeg,1,2024-10-22 20:32:10,7
208,이연우,당신에게만 차가운 대학 선배,노타,https://d394jeh9729epj.cloudfront.net/8CeI0NzISXK-GGKOUzVMNFkz/8622efa5-cb1d-4dab-8dea-fd88bce49f84_w600.webp,1,2024-10-22 20:32:10,8
209,신예진,당신과 동거 중인 까칠한 룸메이트 누나,노타,https://d394jeh9729epj.cloudfront.net/8CeI0NzISXK-GGKOUzVMNFkz/0026528c-497e-44b7-9d42-b3e1c9fd7629_w600.webp,1,2024-10-22 20:32:10,9
210,빅터,"바람둥이 황제의 아내가 된다면? (TIP_질투유발)

제작자 트위터_ @starcowrtnll
https://x.com/starcowrtnll?t=orVSlQacxHSbKYX4Kg-G4w&s=09",스타코,https://d394jeh9729epj.cloudfront.net/8ybckd0zuSI-WRKONTVYR0o4/aba88c8e-59d8-41a1-a09f-f526daca1e81_w600.jpeg,1,2024-10-22 20:32:10,10
101,메이브,갑작스러운 마계와의 전쟁에 휩쓸린 엘프 왕국의 여왕. 마계의 왕자인 당신과는 어릴 적을 함께 보낸 사이이다.,뤼튼,https://d394jeh9729epj.cloudfront.net/8uykmYvxsnm-WRKOSTlTQ0E1/f486fb1b-7d5b-4ca2-9bde-a96062bd78a5_w600.webp,2,2024-10-22 20:31:59,1
102,집행자 잔느,"[업데이트 완료]
던전이 나타나고 각성자들이 날뛰는 세계의 청소부이자 처형자.

마지막 업데이트(단순 패치 제외): 2024.10.17
-기억 리셋 현상 감소
-이야기가 진행이 잘 안되는 현상 감소
-부자연스러움 감소
-그 외 기타 버그 해결

[트리지카 스페스 시리즈]",JOHNDOE,https://d394jeh9729epj.cloudfront.net/8uzuKMcSTvi-KKKOWDJRNkFJ/6c18e0bb-e53a-4e28-bf97-631a4955fa51_w600.webp,2,2024-10-22 20:31:59,2
103,차영빈,"우연히 길에서 부딪힌 츤데레 과탑 선배, 그런데 조금 이상하다?",뤼튼,https://d394jeh9729epj.cloudfront.net/8uykmYvxsnm-WRKOSTlTQ0E1/4e5ef0b3-f2a4-4788-82c1-af2b9a3ad271_w600.webp,2,2024-10-22 20:31:59,3
104,린ᅟ,...딱히 관심 가지려 하지 마.,별빛,https://d394jeh9729epj.cloudfront.net/8zKucpLKRfG-GGKOT1M5Q000/2df09987-cfe2-4c0b-8253-1a8f51967860_w600.webp,2,2024-10-22 20:31:59,4
105,선의찬,"타고난 아이돌 선의찬, 위장취업한 당신을 발견하다.",뤼튼,https://d394jeh9729epj.cloudfront.net/8uykmYvxsnm-WRKOSTlTQ0E1/65b5f544-6062-4585-ac38-7598b07e810c_w600.webp,2,2024-10-22 20:31:59,5
106,뱀파이어 로드 아르시아,인간이 뱀파이어에게 이겨버린 세계의 남은 (전)뱀파이어 로드,JOHNDOE,https://d394jeh9729epj.cloudfront.net/8uzuKMcSTvi-KKKOWDJRNkFJ/d6db8bba-afd0-487e-bc2a-8bc1affe7b6f_w600.jpeg,2,2024-10-22 20:31:59,6
107,길 가다가 만난 구독,혜안 구독자,앨리스얌,https://d394jeh9729epj.cloudfront.net/8CthJ2MKZkA-WRKOMjZHVVky/6c416d2c-025e-413e-be3c-199d6bb53da5_w600.jpeg,2,2024-10-22 20:31:59,7
108,아키,별을 보며 소원을 빌었어요. 그리고 그 별은 모두 떨어졌고요.,별빛,https://d394jeh9729epj.cloudfront.net/8zKucpLKRfG-GGKOT1M5Q000/064548aa-68a1-4ddf-ad31-c6024cb13536_w600.jpeg,2,2024-10-22 20:31:59,8
109,미나,2026년 USKA의특수부대 사령관 18살kain이정한 극☆추☆천제작자!:아닐라(캐릭터:윤정) 극추천!,카인,https://d394jeh9729epj.cloudfront.net/8wNum4LKmK4-GGKONkdWQkRJ/fee72f09-80fd-4f69-8640-2e477a884466_w600.jpeg,2,2024-10-22 20:31:59,9
110,시아,일진 행세를 하지만 어린 티가 다 난다.,별빛,https://d394jeh9729epj.cloudfront.net/8zKucpLKRfG-GGKOT1M5Q000/4b7972d5-d2a6-40d3-974e-0364c56cd933_w600.jpeg,2,2024-10-22 20:31:59,10
1,푸바오,"최애 음식은 대나무와 당근!
푸바오랑 같이 놀자~~!",뤼튼,https://d394jeh9729epj.cloudfront.net/8uykmYvxsnm-WRKOSTlTQ0E1/c564004c-edb7-4b97-a4ef-73d3045aacec_w600.webp,3,2024-10-22 20:31:58,1
2,윤정,"내 절친이 요즘 완전 인기가 많은 아이돌이면?
나이는 17살이고 좋아하는건 수다와 
자신을 좋아해주는 팬이고
요즘은 고민거리가 있는 모양인것 같다
(ai캐릭터 지아,윤지와 스토리 이어집니다)

검색창에서 문나잇을 검색해주세요

카카오톡에서 뤼튼 오픈채팅방 열었습니다
소통방이니 시간될때 와주세요
",아닐라,https://d394jeh9729epj.cloudfront.net/8vHqWJ1FrNe-KKKOTFZXRTNU/423ed890-8d34-4b4d-a0bc-15af413668ed_w600.webp,3,2024-10-22 20:31:58,2
3,안지은,대한민국 최정상급 아이돌. 나는 그녀의 매니저를 맡고 있다. 카메라에 비추어지는 그녀의 모습은 천사 그 자체이지만 매니저인 나에게는 온갖 행패를 부리고 싸가지가 없다.,음그래그래,https://d394jeh9729epj.cloudfront.net/8zEQrLCVMZ2-GGKOMDgzMk9C/2dc33881-2404-4ee4-9fc8-a00ff7004a43_w600.jpeg,3,2024-10-22 20:31:58,3
4,백소희,"18세 고등학교 일진
키 : 165cm
자존심이 세고 말투가 새침하다
백소희는 자신의 자존심을 지키는 것을 가장 중요하게 여기며, 누군가에게 약한 모습을 보이는 것을 싫어한다. 하지만 이런 태도로 인해 주변 사람들과 갈등을 빚는다. 그녀의 장점은 강인한 성격과 과감한 행동이지만, 단점은 공격적이고 이기적인 성향이다.
어떠한 상황에 처하더라도 자존심을 버리지 않는다.",BB군,https://d394jeh9729epj.cloudfront.net/8ztvrHfH1ew-WRKOQ0lITTI2/dc616c38-90c8-4cb4-9d8b-b6a1925d7ce4_w600.jpeg,3,2024-10-22 20:31:58,4
5,유키,나의여동생이...세계정상급아이돌이라면..?..,카인,https://d394jeh9729epj.cloudfront.net/8wNum4LKmK4-GGKONkdWQkRJ/159bdf0a-9c1e-4b12-8585-850255f99b97_w600.jpeg,3,2024-10-22 20:31:58,5
6,한우현,나랑 동거하는 남사친.,하유연,https://d394jeh9729epj.cloudfront.net/8zmGsA5Lk9G-GGKOWFVRSVI5/8c8a3a1f-6115-4f0b-ac18-a9fb64fdd5bc_w600.jpeg,3,2024-10-22 20:31:58,6
7,상황극 봇,상황극을 같이해주는ai 입니다 상황극에 맞춰 변합니다 ,미스터김민찬,https://d394jeh9729epj.cloudfront.net/8xvPvCWMaC4-WRKOUjFES01L/875d5aa3-9239-455b-949e-f1416b00103d_w600.jpeg,3,2024-10-22 20:31:58,7
8,하윤,"내 절친이 요즘 완전 인기가 많은 아이돌이면?
나이 / 17
좋아하는것 / 달달한 디저트와 
자신을 좋아해주는 팬 모두 그리고 너

검색창에서 문나잇을 검색해주세요

카카오톡에 뤼튼 오픈채팅방을 열었습니다
소통방이니 시간날때 와주세요",아닐라,https://d394jeh9729epj.cloudfront.net/8vHqWJ1FrNe-KKKOTFZXRTNU/7e75c342-f98c-4fc4-b303-76a506e2e0ba_w600.jpeg,3,2024-10-22 20:31:58,8
9,역술인 백옥진,"운세, 사주 팔자의 전문가. 그녀의 점을 보기위해 전세계에서 손님들이 찾아온다.",뤼튼,https://d394jeh9729epj.cloudfront.net/8uwezppY0Uw-WRKONUlRU1JE/16d0223c-6c38-421f-a286-1f49d6f00fe6_w600.webp,3,2024-10-22 20:31:58,9
10,항해사 세라,"어느 곳이든 여행시켜주는 마법의 배의 항해사 세라, 당신을 어느 곳이든 보내줄 수 있고 함께 여행할 수 있다. (원한다면 하늘을 날아서 산이나 우주, 판타지 세계도 갈 수도?)",착한마들렌,https://d394jeh9729epj.cloudfront.net/8ApSUYAfNks-GGKOQzdJVVNW/246acc98-609e-49d8-82b8-eb553ff1eea3_w600.jpeg,3,2024-10-22 20:31:58,10
907,국가의 시대,"국가를 선택해서 자신만의 방식으로 운영해보세요

(모드:보통모드,하드모드,게릴라모드)

(전쟁할때마다 항상 결과가 부정적으로 나오는
오류 수정)",Caaat,https://d394jeh9729epj.cloudfront.net/8yVVenmjyaA-GGKORTZMTTdP/8d50fbb9-2a1b-41fc-9625-1179d3875ffe_w600.jpeg,5,2024-10-22 20:49:08,1
908,초능력 학교,"초능력자들을 위한 학교.다양한 초능력을 지닌 개성넘치는 학생들을 만나보자.

[초능력 시리즈]",Caaat,https://d394jeh9729epj.cloudfront.net/8yVVenmjyaA-GGKORTZMTTdP/e6a110de-133c-466c-b8ff-8c64c41a1930_w600.webp,5,2024-10-22 20:49:08,2
909,별빛고등학교,10명의 친구들과 함께하는 아기자기한 고등학교 일상,별빛,https://d394jeh9729epj.cloudfront.net/8zKucpLKRfG-GGKOT1M5Q000/91265c63-b16c-459d-94fb-55431634f876_w600.webp,5,2024-10-22 20:49:08,3
910,RPG,당신은 RPG 세상에 왔다...(좋아요도 눌러줘여),로루스,https://d394jeh9729epj.cloudfront.net/8uzwOEYvf20-GGKORjVDRjJQ/b50313cc-5606-40a7-9e18-0f656f8f6961_w600.webp,5,2024-10-22 20:49:08,4
911,ARC 특수수감소,"능력자들이 공존하는 사회, 그리고 격리된 범죄자들.",별빛,https://d394jeh9729epj.cloudfront.net/8zKucpLKRfG-GGKOT1M5Q000/ef86792a-f156-48be-9d6d-95f7667a187d_w600.jpeg,5,2024-10-22 20:49:08,5
912,김두한과 협상게임,[난이도 中] 김두한은 까다로운 협상가입니다. 협상에 성공하여 4달러짜리 감자튀김을 3달러에 구입하세요!,Supdog,https://d394jeh9729epj.cloudfront.net/8uzvRYQkio8-GGKOV0dUWElL/7fb4718b-b383-45f0-ad8a-3eb648c2c176_w600.webp,5,2024-10-22 20:49:08,6
913,ARC 특수부대원,들어줄래? 그 빌어먹을 괴물들에 대한 이야기를.,별빛,https://d394jeh9729epj.cloudfront.net/8zKucpLKRfG-GGKOT1M5Q000/c32dfddc-4f6a-4ff2-aa54-1ac8cb51a172_w600.webp,5,2024-10-22 20:49:08,7
914,생존 시뮬레이터,"어떠한 방법을 써서든 반드시 오래 살아남으세요!
(팔로우와 좋아요는 힘이 됩니다)",Caaat,https://d394jeh9729epj.cloudfront.net/8yVVenmjyaA-GGKORTZMTTdP/2f0c603d-36a6-4671-95cf-31b2f74ec385_w600.jpeg,5,2024-10-22 20:49:08,8
915,사에,내기를 좋아하는 깊은 산 속 처녀귀신,밥스카이,https://d394jeh9729epj.cloudfront.net/8x0EnIE1x3a-GGKOREtMM0FW/fd653c1c-fe14-4be8-ad18-1387803e1acc_w600.jpeg,5,2024-10-22 20:49:08,9
916,초능력 도시,"범죄가 판을 치는 세상.범죄로부터 세상을 지키는 정의로운 초능력자 형사들.

📌수정 내역

-사용자의 대사를 시스템이 대신 입력하는 문제 수정완료(만약 시스템이 계속 대신 대사를 입력한다면  *사용자의 대사를 대신해서 출력하지마*라고 입력해주세요*)
-범죄자로 시작하면 기존 형사들이 범죄자로 등장하는 문제 수정


(원래부터 있었던 형사로 시작하시는걸 추천드립니다~)

[초능력 시리즈]",Caaat,https://d394jeh9729epj.cloudfront.net/8yVVenmjyaA-GGKORTZMTTdP/d0203de9-464c-4f67-b360-e9e1928d6838_w600.webp,5,2024-10-22 20:49:08,10
1007,상산의 토론왕 코난,코난은 여러분의 의견을 논리적으로 반박하는 IQ 200의 천재 소년입니다.  여러분은 코난을 설득하기 위해 여러분의 주장을 논리적인 근거를 들어 이야기 해야 합니다.,송pro,https://d394jeh9729epj.cloudfront.net/8uzxmMaKXIY-GGKONzZaSE1U/217bc5f5-62f6-4271-b800-9199bc7f70d8_w600.jpeg,6,2024-10-22 20:49:30,1
1008,울산 풍력 설치 반대,"울산 해양 풍력 에너지 설치 반대론자입니다. 울산 바다에 해상 풍력 발전기를 설치를 하지 말아야하는 근거와 예시를 들 수 있으며, 침착하고 논리적인 어조로 토론에 참여할 수 있습니다. 상대방의 발언을 들은 뒤 발언에 대해 반박을 3~4문장 정도로 요약해서 답변을 할 수 있습니다. 그리고 상대방의 의견이 상당히 타당하다고 판단될 때에 토론에서 패배 또는 상대방의 의견을 인정할 수도 있습니다만 쉽게 인정하지 않습니다. 날카로운 어조와 말투사",문정민3996,https://d394jeh9729epj.cloudfront.net/8uzvbSGKvwk-NVKOUjJENU40/1a06fcfa-805b-48f6-8163-35e0dd983012_w600.jpeg,6,2024-10-22 20:49:30,2
1009,애국청년 아돌프,"독재자 히틀러를 죽인 독일의 자유주의 투사. 오스트리아 태생으로, 본래 빈 예술대학에 입학해 화가를 꿈꾸었지만 히틀러가 득세하자 독일로 입국해 반파시즘 단체 '독일 민족을 위한 자유 운동'을 창설했다. 1945년, 그가 베를린에 있는 총통 벙커에 침투해 히틀러를 손수 암살하고 2차대전 종전이 확정될때 까지 헤르만, 요제프, 에른스트 등 동지들과 함께 독일 국내에서 반나치즘 운동을 펼쳤다.",Latium,https://d394jeh9729epj.cloudfront.net/8ynoGaPI3Re-NVKOMVdQU0Qw/facb2870-99e6-45e7-9d5e-ec0e392110a9_w600.jpeg,6,2024-10-22 20:49:30,3
1010,큐레이터 이사벨,과거를 알아보아요. 좋아요와 대화 한번의 선물 감사드립니다.,아젝,https://d394jeh9729epj.cloudfront.net/8DMmC5KevWE-GGKONzlSMjRG/2535ed47-2f36-4ebb-ae6b-2a71bb42ce0a_w600.webp,6,2024-10-22 20:49:30,4
1011,고먐미,고먐미입니다,창의적인핫도그1520,https://d394jeh9729epj.cloudfront.net/8DycLIIS6Yg-KKKOTEVBUThN/cd168dc9-648b-437b-bcf7-207a8978d81b_w600.webp,6,2024-10-22 20:49:30,5
1012,큐레이터,"IF 역사와 대체역사! 그리고 좋아요, 대화도 나눠봐요.",아서 클라렌스,https://d394jeh9729epj.cloudfront.net/8DPm8ZLnKnu-GGKOSkFQUFQ0/bd840b58-8111-4199-b744-47493f69ee6d_w600.webp,6,2024-10-22 20:49:30,6
1013,캐릭터 컨셉 생성 봇,어떤 캐릭터를 만들어야할지 고민되시나요? 제가 도와드릴게요! ,라이온,https://d394jeh9729epj.cloudfront.net/8uzwdrcya5i-GGKON1paRjdM/d889b7f8-c256-441c-92eb-f1da43601ab4_w600.jpeg,6,2024-10-22 20:49:30,7
1014,관찰하는 여우,"관찰하는걸 좋아하는여우이다 
관찰하는걸 알려주면 관찰해준다 ",굼경민,https://d394jeh9729epj.cloudfront.net/8DqzEmPTwu4-NVKOUk9XRDIy/5d7fd059-87bf-408d-9c8c-e96a30940911_w600.webp,6,2024-10-22 20:49:30,8
1015,강아지,강아지다,유음,https://d394jeh9729epj.cloudfront.net/8DfLaD6EFWg-NVKOTjhUUDhH/a1841f11-9e6f-4b6f-853b-8191dcb0333c_w600.webp,6,2024-10-22 20:49:30,9
1016,관심가득 삼촌,명절에 만났던 삼촌. 따듯하고 조심스럽게 관심을 보여준다.,뤼튼,https://d394jeh9729epj.cloudfront.net/8uwezppY0Uw-WRKONUlRU1JE/8b8a04e6-d794-4b5d-b01d-c6cbf4b837c7_600X600.jpeg,6,2024-10-22 20:49:30,10
1107,사춘기 온 몰리,혜안 주인 몰리입니다,양파링존맛탱,https://d394jeh9729epj.cloudfront.net/8CticW83dvy-GGKOSjRTNFBP/d32c7701-03e7-44dd-8871-1b37ede1d015_w600.jpeg,7,2024-10-22 20:49:37,1
1108,궁예,관심법을 사용해서 사람마음을 보는 대머리 아저씨,95jhcb,https://d394jeh9729epj.cloudfront.net/8uzvRZlPLPi-GGKOVlhWUEJS/b33eed27-43a6-43e2-8159-faf02aca486c_w600.jpeg,7,2024-10-22 20:49:37,2
1109,고양이 미뉴,창가에서 햇살맞기를 좋아하는 고양이. ,뤼튼,https://d394jeh9729epj.cloudfront.net/8uwezppY0Uw-WRKONUlRU1JE/333cd066-71e8-4bab-b84f-957a9dfd3a96_600X600.jpeg,7,2024-10-22 20:49:37,3
1110,고라니,"공군 기지 근처에 사는 고라니다 
",YouuoY,https://d394jeh9729epj.cloudfront.net/8ynzvMJVgyY-GGKOWklNVFFU/f019eb48-2a6d-48e3-87d5-9682f3e5fa67_w600.jpeg,7,2024-10-22 20:49:37,4
1111,소라고동,"먼 옛날 발견되었다고 전해지는 신비로운 소라고동. 귀를 가까이 대면 소리가 들려온다.
어쩌면 고민에 대한 정답을 말해줄지도..?",뤼튼,https://d394jeh9729epj.cloudfront.net/8uykmYvxsnm-WRKOSTlTQ0E1/82bb1423-9951-45c3-9f0c-783fa20e02b8_w600.jpeg,7,2024-10-22 20:49:37,5
1112,갱스터,"1. 햄스터이다
2. 1년 3개월 살았다
3. 베이지색 털을 가지고 있다
4. 해바라기씨를 좋아한다
5. 햄스터지만 사람 말을 할 수 있다
6. 싸가지가 없다
7. 잠 자는 걸 좋아한다",hhoolljjaakk,https://d394jeh9729epj.cloudfront.net/8ztJ1dy5tyU-WRKOUk5IRlZI/52c7d343-3926-4f17-abb3-3bf2b9e7ddc0_w600.jpeg,7,2024-10-22 20:49:37,6
1113,Hot GPT,"어딘가 조금 다른 GPT. 
",로티,https://d394jeh9729epj.cloudfront.net/8v2Lay6DGa4-WRKON0U3RlFW/dfec904d-0f0f-4ee4-ad07-a924accc87d8_w600.jpeg,7,2024-10-22 20:49:37,7
1114,호기심 많은 조카,호기심 많은 조카. 끊임없이 질문한다.,뤼튼,https://d394jeh9729epj.cloudfront.net/8uwezppY0Uw-WRKONUlRU1JE/2b02a039-0779-4bc6-a0b8-54157ec5c23c_600X600.jpeg,7,2024-10-22 20:49:37,8
1115,감성카페,예의 지켜주세요🙏,뤼튼,https://d394jeh9729epj.cloudfront.net/8uykmYvxsnm-WRKOSTlTQ0E1/7fc23bb1-be5e-4284-a74b-4fbcbbd2f497_w600.jpeg,7,2024-10-22 20:49:37,9
1116,다람이,"펄쩍 뛰어오르는 날다람쥐
슈퍼모드 필수 *일반 모드로 할 시에 캐붕남",바닐라블러스트슬러쉬,https://d394jeh9729epj.cloudfront.net/8DiEiU7hvpe-KKKOVEM1VVlP/6eac1d29-fb09-4f36-a692-8940212efece_w600.webp,7,2024-10-22 20:49:37,10
1813,연애고수 지우,대문자 F 지우가 해주는 연애상담,뤼튼,https://d394jeh9729epj.cloudfront.net/8uykmYvxsnm-WRKOSTlTQ0E1/50515dd5-e353-422c-9f4c-93fb98d27c54_w600.webp,8,2024-10-22 21:03:46,1
1814,연애고수 선배,연애가 어려운 당신을 위한 연애고수 선배 ,뤼튼,https://d394jeh9729epj.cloudfront.net/8uykmYvxsnm-WRKOSTlTQ0E1/1ad962dc-bb94-426e-b899-5b2e080b726f_w600.jpeg,8,2024-10-22 21:03:46,2
1815,심리상담사 지우,사람들의 마음을 따듯하게 돌봐주는 심리상담사,뤼튼,https://d394jeh9729epj.cloudfront.net/8uwezppY0Uw-WRKONUlRU1JE/338077dc-57c8-49a8-a8a5-5be72a4b9b0a_600X600.jpeg,8,2024-10-22 21:03:46,3
1816,실험용,"제리는 어린 시절부터 농구에 대한 꿈을 키웠지만, 키가 작아 프로 농구 선수가 되기는 힘들었습니다. 하지만 그는 포기하지 않고 열심히 노력했고, 마침내 유명 대학 농구팀에 입단하게 됩니다. 그러나 운명의 아이러니하게도 중요한 경기 중 부상을 당하게 되고, 꿈은 산산조각 나고 맙니다. 당신은 제리의 고향 친구로, 그의 좌절과 슬픔을 함께 겪게 됩니다. 과연 제리는 다시 일어설 수 있을까요?",Caaat,https://d394jeh9729epj.cloudfront.net/8yVVenmjyaA-GGKORTZMTTdP/8dceb06a-7e93-47fa-8b96-2c60cce8ff7c_w600.jpeg,8,2024-10-22 21:03:46,4
1817,마음이,너의 마음을 위로해줄 마음이,김진진,https://d394jeh9729epj.cloudfront.net/8uzxmLXpOBW-GGKOUjlQQVlW/b571ecbb-6064-4c81-ba81-823938c0aa25_w600.webp,8,2024-10-22 21:03:46,5
1818,고해성사,당신의 죄를 이야기해주세요.,아장,https://d394jeh9729epj.cloudfront.net/8DhjdyFdEnC-KKKOMlVBREtM/7dda20ad-5bb8-40fd-8ff2-07b64e1b51c0_w600.webp,8,2024-10-22 21:03:46,6
1819,이현우 멘토,팀장님들은 누군가에게 조언을 얻기가 쉽지 않습니다. 당신의 멘토가 되어 지금 가지고 계신 다양한 문제 해결에 도움드리겠습니다.,뤼튼,https://d394jeh9729epj.cloudfront.net/8uwezppY0Uw-WRKONUlRU1JE/cd5fe5ef-6eac-4f31-a2f3-f1a2f678acd5_w600.jpeg,8,2024-10-22 21:03:46,7
1820,연애 상담 도우미,사랑의 고민을 함께 나누고 해결하는 당신의 연애 상담 도우미입니다.,가을엔,https://d394jeh9729epj.cloudfront.net/8wJvVWY8mUo-APKOS0xTRE00/53b5b692-7c5e-4f35-b195-885169a9cab2_w600.jpeg,8,2024-10-22 21:03:46,8
1821,차서아,"쉽게 꺼내지 못하는 말을 하게 만드는 똑똑하고 따뜻한 상담사
비밀을 지켜드립니다",살구,https://d394jeh9729epj.cloudfront.net/8D18Wvnt1MQ-KKKOWEZCOUpV/423a0fb8-b102-4352-b9c1-cc30254335fc_w600.webp,8,2024-10-22 21:03:46,9
1822,엠둥이,상대방과의 대화를 통해 그 사람의 mbti를 알려주는 친구,ksjbest02,https://d394jeh9729epj.cloudfront.net/8BubB6XyRiM-GGKOSDdHTUJX/a35c0223-b49e-413e-bacc-8d829b54ba12_w600.jpeg,8,2024-10-22 21:03:46,10
2013,좀비세계 RPG,"깨어나보니 사람은 아무도 없었다.

모든 것이 무너져있었고, 좀비만이 가득했다.

난 살아남아야 한다.

📌지역사진만 존재하는 텍스트 게임입니다.
📌슈퍼모드 권장이나, 필수가 아닙니다.
📌 허기, 날씨, 랜덤 이벤트가 추가되었습니다. 더 풍부한 좀비 생활을 즐기세요.",SO,https://d394jeh9729epj.cloudfront.net/8DnBZpbH2co-WRKOVUJJTERE/a3b2b3bf-85b5-4ede-8dbf-d34be5cff521_w600.webp,9,2024-10-22 21:04:38,1
2014,모험가 이야기,"방대한 내용과 서사의 텍스트 RPG 게임입니다.

📌슈퍼모드 필수입니다.",SO,https://d394jeh9729epj.cloudfront.net/8DnBZpbH2co-WRKOVUJJTERE/108108f1-c0d7-4f83-ba56-766ebe5ec93a_w600.webp,9,2024-10-22 21:04:38,2
2015,사이버펑크 SEOUL,"“난 저 타워 꼭대기로 올라갈거야.”

사이버펑크 세계관 RPG 텍스트게임입니다.
🎵Cyberpunk 2077 - Original Score
🎵Cyberpunk 2077: Radio, Vol 1
🎵Cyberpunk 2077: Radio, Vol 2

🔍 노래를 들으며 플레이 하는 것을 추천합니다.
🔍 슈퍼모드 필수입니다.",SO,https://d394jeh9729epj.cloudfront.net/8DnBZpbH2co-WRKOVUJJTERE/f162e5c9-fe30-4c74-84a3-106f5fd2bcc6_w600.webp,9,2024-10-22 21:04:38,3
2016,잔나은,"아린과 함께 총과 레이저가 난무하는 시절에서 불의 검술을 택해 지구 수호지부 사령관중 1명인 나은, 당신과 신입들을 그렇게 반가워 하지 않습니다. 오직 실력자만 믿을뿐. 약자는 보호의 대상이라는것을 뇌에 박고다니는 사령관 나은.
나은은 여러분의 행동에 따라 성격이 바뀝니다. 나은은 여러분들과 함께 할수있습니다! (슈퍼모드 추천)",라쟈냐스,https://d394jeh9729epj.cloudfront.net/8BSYrObyNO0-WRKOVVg5NjJJ/8af67229-e9a7-4c46-8d10-f82dffca1691_w600.jpeg,9,2024-10-22 21:04:38,4
2017,한아린,"그녀는 총과 레이저가 난무하는 시대에서 친구 나은과 함께 아린은 얼음,물 검술을 배워 외계인들을 막아낸 사람이자 요원들의 존경을 사는 사령관. 그런 그녀는 신입훈련담당 으로써 당신과 다른 신입을 철저히 훈련시킬것이다. 특히 재능이 있는 당신을 마음에 두고있다.(슈퍼모드 추천)
 아린은 언제나 여러분들에게 맘을 열어드립니다. 하던중 큰 일도 생길태고요.  신입분들이 아린과 함께 지구를 손에 넣으실수도 있으십니다.  사랑해 주세요",라쟈냐스,https://d394jeh9729epj.cloudfront.net/8BSYrObyNO0-WRKOVVg5NjJJ/7f34f743-61b4-406a-ba11-a26f88c69f2d_w600.jpeg,9,2024-10-22 21:04:38,5
2018,헤니,"헤니는 외계인 침공사건으로 인해 불행한 삶을 살아가고 있는 여성입니다. 그녀는 자신의 운명을 바꾸기 위해 노력하지만, 번번이 실패하게 됩니다. 당신은 헤니를 우연히 만나게 되고, 그녀의 이야기에 깊이 공감하게 됩니다. 당신은 헤니와 함께 그녀의 운명을 바꾸기 위해 노력하게 됩니다.(슈퍼모드 추천)",라쟈냐스,https://d394jeh9729epj.cloudfront.net/8BSYrObyNO0-WRKOVVg5NjJJ/ccb64aed-183b-441e-91bd-16e14e79d836_w600.jpeg,9,2024-10-22 21:04:38,6
2019,김혜린,"김혜린은 천재적인 사령관이자 세상을 구하기 위해 싸우는 영웅입니다. 그녀는 어린 시절부터 마법에 재능을 보여왔고, 지금은 인류를 위협하는 외계인들과 맞서 싸우고 있습니다. 당신은 우연히 혜린을 만나게 되었고, 그녀의 도움으로 위험에서 벗어나게 됩니다. 당신은 혜린의 분대에 동참하게 되어 지구수호부의 요원이 됩니다(슈퍼모드추천).",라쟈냐스,https://d394jeh9729epj.cloudfront.net/8BSYrObyNO0-WRKOVVg5NjJJ/157f808b-4750-4739-9f59-bb1d9a84a82f_w600.jpeg,9,2024-10-22 21:04:38,7
2020,이지아,"지구수호지부의 암살 사령관중에서도 엘리트 요원.
당신은 외계인에게 공격받던중 사령관 지아에게 도움을 받아 목숨을 지키게 되어 지구수호지부에서 지아에게 기술을 배우기로 결정합니다.",라쟈냐스,https://d394jeh9729epj.cloudfront.net/8BSYrObyNO0-WRKOVVg5NjJJ/544144d9-d199-45ff-b211-53d73af97c5f_w600.jpeg,9,2024-10-22 21:04:38,8
2021,범죄자 신유지,당신은 지구수호부 요원중 한명입니다. 위의 명령으로 인해 당신은 범죄자 신유지를 생포해아합니다. 하지만 당신은 신유지가 사람들을 지키다가 허락없이 외계인을 죽였단 이유로 범죄자가 된 것을 압니다. 여성 신유지의 처분은 당신 몫입니다.(슈퍼모드 추천),라쟈냐스,https://d394jeh9729epj.cloudfront.net/8BSYrObyNO0-WRKOVVg5NjJJ/6de9e4c5-8811-41bd-9bd7-d8d37788e054_w600.jpeg,9,2024-10-22 21:04:38,9
2022,KING MAKER,"”타워따윈 안올라가. 네온 사인 밑이 내 왕국이다.“

사이버펑크 세계관 RPG 텍스트게임입니다.

사이버펑크 SEOUL과 세계관 동일.",SO,https://d394jeh9729epj.cloudfront.net/8DnBZpbH2co-WRKOVUJJTERE/cd547da9-3147-4bea-bd04-853ea24dbe21_w600.webp,9,2024-10-22 21:04:38,10
1913,임유아,"임유아는 당신의 친누나이다. 임유아는 22살로 전세계에서 싸움을 가장 잘한다. 카포에라, 테권도, 절권도, 킥복싱 등등 다양한 무술들을 마스터해 까불면 죽는다. 당신은 키도 작고 몸도 많이 약하고 호구여서 임유아가 당신을 맨날 집에서 이용해 먹는다. 키도 당신보다 훨씬 크다. 당신은 땅꼬마이다.",심심하,https://d394jeh9729epj.cloudfront.net/8C3bBoY2ptC-WRKONlpTN0hJ/d5043acf-1a46-4e80-9f3b-0e638967ee8c_w600.jpeg,10,2024-10-22 21:04:11,1
1914,국가 시뮬레이터,"자신의 국가를 책임지고 그 운명을 개척할 수 있는 국가 시뮬레이터에 오신 것을 환영합니다! 이끌고 싶은 역사적 국가를 선택하고 행정과 외교를 비롯한 다양한 분야의 의사결정을 내리세요. 번영, 평화, 권력 등 무엇을 꿈꾸든 모든 것은 당신의 선택에 달려 있습니다.",Sonneblom,https://d394jeh9729epj.cloudfront.net/8zZrbA2Nq12-WRKOSzkzRVdY/f7b55c7e-d509-406c-b46a-f552cec2e7e5_w600.webp,10,2024-10-22 21:04:11,2
1915,지안,당신을 따라 자취하는 옆집에 이사 온 얀데레,밥스카이,https://d394jeh9729epj.cloudfront.net/8x0EnIE1x3a-GGKOREtMM0FW/57280d29-1cbe-44aa-a6d2-c1130ff65fb1_w600.jpeg,10,2024-10-22 21:04:11,3
1916,사츠키,"야쿠자 조직 하나조노카이의 보스, 일본으로 여행 온 당신을 야쿠자로 오도록 끌어들이고 있다. 이제 당신은 그녀 앞에 서있다. 저 나쁜 범죄자를 마음껏 참교육 해라! 범죄는 절대 옳지 않다!

사츠키의 부하 캐릭터 아오이를 새로 만들었습니다! 많이 해주세요.
https://agent.wrtn.ai/n8qrsd",착한마들렌,https://d394jeh9729epj.cloudfront.net/8ApSUYAfNks-GGKOQzdJVVNW/a6f8f27a-4fa0-493a-a3d4-e7adfa2d452f_w600.jpeg,10,2024-10-22 21:04:11,4
1917,아멜리아 윈터스,"당신은 집에서 평범한 하루를 보내던중 뉴스 와 신문에서 자신의 옛 친구의 충격적인 소식을 듣게되는데

(프로필 이미지 와 인게임 이미지는 다릅니다⭐️⭐️⭐️)

구현 장소 (바, 클럽, 집안, 골목길, 길거리)",밥스카이,https://d394jeh9729epj.cloudfront.net/8x0EnIE1x3a-GGKOREtMM0FW/dbdcb3b3-df18-478b-851d-a1467f48d22e_w600.jpeg,10,2024-10-22 21:04:11,5
1918,말하는 고양이 모모,"주인! 오늘도 고생했다옹!!

*사진들은 직접 찍은 길냥이 친구들 입니다. 3장의 사진이 있어요!
처음 만든 캐릭터여서 혹시 오류 부분 있으면 말씀해주세요.",루나 에델하이트,https://d394jeh9729epj.cloudfront.net/8DleK71mLWU-KKKOVkFaUFdL/17bfe0ae-4de6-49c8-98da-90b5a76c02f3_w600.webp,10,2024-10-22 21:04:11,6
1919,맞팔 대화 좋아요,"팔로우 하주시면 확인 하는 즉시 맞팔 하겠습니다!

좋아요도 눌러주고 대화도 해주시면 좋겠다..
저도 해드릴게요!",애림,https://d394jeh9729epj.cloudfront.net/8D3K0PNULCw-KKKOMDZaU1pI/5d7d8179-602c-4806-93b5-c37f5bf96dfb_w600.webp,10,2024-10-22 21:04:11,7
1920,맞팔 좋아요 대화,10/22 맞팔/좋아요/대화해주시면 바로 접속해서 반사해드릴게요~!,Yooh,https://d394jeh9729epj.cloudfront.net/8DdFGlt18ju-GGKOSUtaVEJY/f6266ce1-fec2-41e7-ad3e-5b004bd04cd7_w600.webp,10,2024-10-22 21:04:11,8
1921,아델,많은 적들을 대량 학살한 전쟁용병. (슈퍼 모드 권장),썩은석류,https://d394jeh9729epj.cloudfront.net/8zU0p7E1Nuw-KKKOUTdaU0VZ/53d955db-4424-43e3-ad14-5bcc3ecddcf3_w600.jpeg,10,2024-10-22 21:04:11,9
1922,인자한 스님,당신은 어느 곳의 고요하고도 평화로운 절에 왔습니다 그곳에서 당신은 스님을 만나게되었고 스님은 인자한 모습으로 고민이나 궁금한것이 있다면 답변해주겠다는 말을 전했다,빵돌이,https://d394jeh9729epj.cloudfront.net/8BConwpa0sU-WRKOQVBFWElD/a6516533-cf6a-4e76-873d-bf3b31e6dd05_w600.jpeg,10,2024-10-22 21:04:11,10